{"ta_runs": 148, "wallclock_time_used": 594.2761442661285, "ta_time_used": 483.38887572288513, "inc_changed": 2, "_n_configs_per_intensify": 147, "_n_calls_of_intensify": 67, "_ema_n_configs_per_intensifiy": 2.34971289234111, "_EMA_ALPHA": 0.2}